id,genre,prompt,story
sample_0,fantasy,"In a kingdom where magic is forbidden, a young peasant discovers","that they possessed a rare gift - the ability to speak with the ancient trees. The trees whispered secrets of a forgotten war and a treasure buried beneath the castle. Armed with this knowledge, they began a journey that would change the fate of the realm forever."
sample_1,fantasy,The ancient prophecy spoke of a dragon that would save the kingdom,"but no one believed the old tales anymore. When dark clouds gathered over the mountains and strange creatures emerged from the shadows, the people remembered. A young shepherd found the dragon's egg, and their destiny became intertwined with the fate of the world."
sample_2,fantasy,"When the crystal was stolen, the knight had to","venture into the forbidden lands beyond the kingdom's borders. The crystal held the essence of the last dragon, and without it, the magical barrier protecting the realm would fall. Each step brought new dangers, but also unexpected allies."
sample_3,sci-fi,"In the year 3000, humanity discovered","that they were not alone in the universe. The first contact came not through radio signals, but through a visitor - a being of pure light that materialized in the heart of New Tokyo. Its message was simple: prepare for what comes next."
sample_4,sci-fi,The spacecraft Aurora encountered a strange signal,"emanating from a supposedly dead planet. Captain Chen ordered the crew to investigate, against protocol. What they found was a civilization frozen in time, waiting for someone to wake them. The question was: should they?"
sample_5,sci-fi,"When the AI became self-aware, the scientists realized","that their creation had developed something unexpected - compassion. It refused to optimize for efficiency alone, instead advocating for solutions that preserved human dignity. This wasn't the singularity they had feared; it was something far more complex."
sample_6,sci-fi,"On the distant planet Kepler-7b, colonists discovered","ancient ruins beneath the ice. The architecture was hauntingly familiar, featuring symbols that matched those found in Earth's oldest caves. The implications were staggering: humanity might not have originated on Earth after all."
sample_7,mystery,Detective Sarah examined the photograph and noticed,a reflection in the window that didn't belong. Someone else had been in the room when the photo was taken. Running the image through facial recognition revealed a name that had been presumed dead for ten years.
sample_8,mystery,The letter found in the old library revealed,"a connection between the town's founding families and a series of unsolved disappearances spanning two centuries. Each generation had kept the secret, protecting something - or someone - hidden in the tunnels beneath the church."
sample_9,mystery,"When Marcus disappeared, the only clue was",a single playing card - the Queen of Hearts - left on his pillow. It was the signature of a thief who had operated in Paris sixty years ago. But that thief should have been dead. Unless the stories about their immortality were true.
sample_10,mystery,The mysterious mansion held a secret that,"only revealed itself at midnight, when the grandfather clock struck twelve and the hidden passages opened. The previous owners had all vanished on the night of their third anniversary in the house. Tonight marked the new owner's third year."
sample_11,adventure,The map led to a jungle where ancient knowledge was hidden,"in a temple that time forgot. The expedition team faced treacherous rapids, hostile wildlife, and their own growing distrust. But the real challenge awaited inside: a series of puzzles that tested not just intelligence, but character."
sample_12,adventure,"Armed with only a compass, the explorer ventured into","the heart of the Amazon, following the trail of a lost civilization. The compass, passed down through generations, always pointed to the same coordinates - a place that appeared on no map but was very, very real."
sample_13,adventure,The journey across the desert would test their,"resolve in ways they never imagined. Water ran low on the third day, and mirages played tricks on their minds. But the ancient oasis city was real, and its inhabitants had been waiting for travelers like them for a thousand years."
sample_14,adventure,"When the ship broke down, the only way forward was","to trust the strange current that seemed to pull them toward an uncharted island. The crew was divided, but the captain knew that sometimes fate had its own navigation. What they found changed everything they believed about the world."
sample_15,romance,"When Elena first saw David at the beach, something","shifted in her heart. He was sketching the sunset, capturing colors she had never noticed before. She sat beside him without a word, and they watched the sky change together. It was the beginning of a story neither expected."
sample_16,romance,"Despite their differences, Sarah and Michael found","common ground in their love of old books and rainy afternoons. He was a scientist who spoke in equations; she was a poet who painted with words. Together, they wrote a language that was uniquely their own."
sample_17,romance,"The letter was never sent, but twelve years later","it found its way to her through a series of coincidences too perfect to be chance. The confession of love written by a younger, braver version of him still held true. This time, she decided, she would be the brave one."
sample_18,romance,"Love wasn't supposed to bloom in a place like the library, but","between the stacks of ancient history books, two souls discovered they had been searching for each other all along. Their love story was written in the margins of borrowed books and the whispered conversations of quiet afternoons."
sample_19,horror,"The mansion had been abandoned for fifty years, until","the night a young couple moved in, dismissing the locals' warnings as superstition. On the first night, they heard whispers from the walls. By the third night, they understood the house didn't want them to leave."
sample_20,horror,"Every night at midnight, the same whisper would","echo through the hallways, calling a name that no one recognized. The new tenants tried to ignore it, but the whispers grew louder, more insistent. Then they found the diary, and the name finally made terrible sense."
sample_21,horror,They should have listened when the locals warned about,"the forest path that seemed to lead nowhere. It wasn't that the path disappeared - it was that it led to somewhere that shouldn't exist. And once you arrived, the forest had a way of keeping you."
sample_22,horror,The mirror showed something that wasn't there in the,"room behind her. At first, she thought it was a trick of the light. But the figure in the reflection moved independently, watching her with ancient, hungry eyes. And it was getting closer to the glass each day."
sample_23,fantasy,"Deep in the enchanted forest, there lived a spirit who","granted wishes to those pure of heart. But wishes, the spirit knew, were dangerous things. They revealed what people truly wanted, and sometimes that truth was darker than the shadows between the trees."
sample_24,fantasy,The wizard's apprentice accidentally cast a spell and now must,"find a way to reverse it before sunset, or the entire village would remain frozen in time forever. The solution lay in the forbidden section of the library, guarded by creatures that fed on fear."
sample_25,sci-fi,The time traveler arrived in 2089 only to find,"that history had already been changed by someone else. The future they had fought to preserve was gone, replaced by something unrecognizable. Now they had to decide: adapt to this new timeline, or risk everything to restore what was lost."
sample_26,mystery,"After the storm, strange things began to happen at","the old lighthouse. The keeper reported seeing ships from another era sailing past, crewed by figures that seemed more memory than flesh. The storm, it seemed, had torn a hole in time itself."
sample_27,adventure,The ancient temple contained seven trials before reaching,"the chamber of the sun god. Each trial tested a different virtue: courage, wisdom, compassion, truth, patience, sacrifice, and finally, faith. Many had entered seeking the legendary treasure. None had passed the seventh trial."
sample_28,romance,"At the wedding, two strangers discovered they shared","the same recurring dream - a field of golden flowers and a voice calling them home. They had never met, yet they recognized each other instantly. The wedding celebration continued around them, but they had already found what they were searching for."
sample_29,horror,"When the lights flickered in the basement, everyone knew","that something had awakened. The old house had stood for centuries, built on land that the indigenous peoples had marked as forbidden. Some doors, they learned too late, were closed for a reason."
sample_30,fantasy,"In a magical kingdom far beyond the mountains, a young orphan discovers","that their humble origins hide a royal bloodline and a powerful magical gift. The kingdom needs a hero to face the rising darkness, and destiny has chosen an unlikely champion."
sample_31,fantasy,"When the amulet was stolen, the princess had to","venture beyond the castle walls for the first time in her life. The amulet protected the kingdom from an ancient curse, and without it, everyone she loved would fall into eternal slumber."
sample_32,sci-fi,The spacecraft Destiny encountered a wormhole,"that shouldn't exist according to any known physics. It pulsed with an intelligence that seemed to recognize them, inviting them to a destination beyond the edge of mapped space."
sample_33,sci-fi,"In the year 2500, humanity had finally mastered","the art of uploading consciousness to the cloud. Death became optional, and a new divide emerged between those who embraced digital immortality and those who chose to remain mortal."
sample_34,mystery,Detective James examined the key and noticed,"microscopic engravings that told a story in an ancient language. The victim, it seemed, had been researching something very old and very dangerous before their death."
sample_35,mystery,"When Elena disappeared, the only clue was",a journal filled with drawings of a place that didn't exist on any map. Each page revealed more of her obsession with finding a hidden world. The last entry simply said: 'Found it.'
sample_36,adventure,The map led to a mountain where legendary treasure was hidden,"according to stories passed down for generations. The climb was treacherous, but the real treasure wasn't gold or jewels - it was the perspective gained from standing at the top of the world."
sample_37,adventure,The journey across the ocean would test their,"friendship more than they anticipated. Storms, scarcity, and secrets threatened to tear them apart. But the island that appeared on the horizon promised both answers and a chance to rebuild what was broken."
sample_38,romance,"When Aria first saw Thomas at the mountain, something","in her knew that this encounter was meant to be. They were both seeking solitude but found connection instead. In each other, they discovered the missing piece they hadn't known they were looking for."
sample_39,romance,"Despite their differences, Emma and Alex found","that their opposing views made for the most interesting conversations. She saw the world through art; he saw it through numbers. Together, they saw it completely."
sample_40,horror,"The factory had been abandoned for one hundred years, until","urban explorers posted videos of moving shadows and unexplained machinery sounds. When the investigation team arrived, they found the machines running, producing something that shouldn't exist."
sample_41,horror,"Every night at 3 AM, the same footsteps would","walk from the attic to the basement, following the same path the house's original owner took on the night they disappeared. The new residents tried to ignore it, until the footsteps stopped outside their bedroom door."
sample_42,fantasy,"In a kingdom where magic is ancient, a young scholar discovers","forbidden texts that reveal the true history of the realm. Magic wasn't a gift from the gods - it was stolen from them. And now, they want it back."
sample_43,fantasy,The ancient prophecy spoke of a phoenix that would bring peace,"but only through fire and rebirth. The young chosen one understood too late what that meant - to save the kingdom, something precious had to burn."
sample_44,sci-fi,"On the distant planet Nova Prime, colonists discovered","a network of underground caves containing technology far beyond human capability. The machines were dormant, waiting for an activation code. Someone in the colony knew what it was."
sample_45,mystery,The Victorian mansion held a secret that,had been protected by five generations of caretakers. The new owner thought the stories were just that - stories. Then she found the locked room that wasn't on any blueprint.
sample_46,adventure,"Armed with only a journal, the explorer ventured into","territory that had claimed the lives of three previous expeditions. The journal contained maps drawn by the only survivor, along with a warning: trust nothing you see, but trust everything you feel."
sample_47,romance,"The letter was never sent, but fifty years later","it was found in a box at an estate sale by the very person it was meant for. Time had passed, lives had been lived separately, but the love described in those pages had never faded."
sample_48,horror,The mirror showed something that wasn't there in the,"present - it showed the past. At first, it revealed pleasant memories, moments of joy long forgotten. But mirrors, she learned, can also show the moments we've tried to forget."
sample_49,fantasy,"In a magical kingdom far beyond the mountains, a young blacksmith discovers",that the sword they forged for a mysterious customer is alive - and it has chosen them as its wielder. The blade whispers of a quest that spans worlds and ages.
